<?xml version="1.0" encoding="UTF-8" standalone="no" ?>
<Project xmlns:xsi="http://www.w3.org/2001/XMLSchema-instance" xsi:noNamespaceSchemaLocation="project_projx.xsd">

  <SchemaVersion>2.1</SchemaVersion>

  <Header>### uVision Project, (C) Keil Software</Header>

  <Targets>
    <Target>
      <TargetName>Project</TargetName>
      <ToolsetNumber>0x4</ToolsetNumber>
      <ToolsetName>ARM-ADS</ToolsetName>
      <pCCUsed>5060300::V5.06 update 3 (build 300)::ARMCC</pCCUsed>
      <TargetOption>
        <TargetCommonOption>
          <Device>STM32F407VETx</Device>
          <Vendor>STMicroelectronics</Vendor>
          <PackID>Keil.STM32F4xx_DFP.2.11.0</PackID>
          <PackURL>http://www.keil.com/pack</PackURL>
          <Cpu>IROM(0x08000000,0x80000) IRAM(0x20000000,0x20000) IRAM2(0x10000000,0x10000) CPUTYPE("Cortex-M4") FPU2 CLOCK(12000000) ELITTLE</Cpu>
          <FlashUtilSpec></FlashUtilSpec>
          <StartupFile></StartupFile>
          <FlashDriverDll>UL2CM3(-S0 -C0 -P0 -FD20000000 -FC1000 -FN1 -FF0STM32F4xx_512 -FS08000000 -FL080000 -FP0($$Device:STM32F407VETx$CMSIS\Flash\STM32F4xx_512.FLM))</FlashDriverDll>
          <DeviceId>0</DeviceId>
          <RegisterFile>$$Device:STM32F407VETx$Drivers\CMSIS\Device\ST\STM32F4xx\Include\stm32f4xx.h</RegisterFile>
          <MemoryEnv></MemoryEnv>
          <Cmp></Cmp>
          <Asm></Asm>
          <Linker></Linker>
          <OHString></OHString>
          <InfinionOptionDll></InfinionOptionDll>
          <SLE66CMisc></SLE66CMisc>
          <SLE66AMisc></SLE66AMisc>
          <SLE66LinkerMisc></SLE66LinkerMisc>
          <SFDFile>$$Device:STM32F407VETx$CMSIS\SVD\STM32F40x.svd</SFDFile>
          <bCustSvd>0</bCustSvd>
          <UseEnv>0</UseEnv>
          <BinPath></BinPath>
          <IncludePath></IncludePath>
          <LibPath></LibPath>
          <RegisterFilePath></RegisterFilePath>
          <DBRegisterFilePath></DBRegisterFilePath>
          <TargetStatus>
            <Error>0</Error>
            <ExitCodeStop>0</ExitCodeStop>
            <ButtonStop>0</ButtonStop>
            <NotGenerated>0</NotGenerated>
            <InvalidFlash>1</InvalidFlash>
          </TargetStatus>
          <OutputDirectory>.\Project\</OutputDirectory>
          <OutputName>Project</OutputName>
          <CreateExecutable>1</CreateExecutable>
          <CreateLib>0</CreateLib>
          <CreateHexFile>1</CreateHexFile>
          <DebugInformation>1</DebugInformation>
          <BrowseInformation>1</BrowseInformation>
          <ListingPath>.\Project\</ListingPath>
          <HexFormatSelection>1</HexFormatSelection>
          <Merge32K>0</Merge32K>
          <CreateBatchFile>0</CreateBatchFile>
          <BeforeCompile>
            <RunUserProg1>0</RunUserProg1>
            <RunUserProg2>0</RunUserProg2>
            <UserProg1Name></UserProg1Name>
            <UserProg2Name></UserProg2Name>
            <UserProg1Dos16Mode>0</UserProg1Dos16Mode>
            <UserProg2Dos16Mode>0</UserProg2Dos16Mode>
            <nStopU1X>0</nStopU1X>
            <nStopU2X>0</nStopU2X>
          </BeforeCompile>
          <BeforeMake>
            <RunUserProg1>0</RunUserProg1>
            <RunUserProg2>0</RunUserProg2>
            <UserProg1Name></UserProg1Name>
            <UserProg2Name></UserProg2Name>
            <UserProg1Dos16Mode>0</UserProg1Dos16Mode>
            <UserProg2Dos16Mode>0</UserProg2Dos16Mode>
            <nStopB1X>0</nStopB1X>
            <nStopB2X>0</nStopB2X>
          </BeforeMake>
          <AfterMake>
            <RunUserProg1>0</RunUserProg1>
            <RunUserProg2>0</RunUserProg2>
            <UserProg1Name></UserProg1Name>
            <UserProg2Name></UserProg2Name>
            <UserProg1Dos16Mode>0</UserProg1Dos16Mode>
            <UserProg2Dos16Mode>0</UserProg2Dos16Mode>
            <nStopA1X>0</nStopA1X>
            <nStopA2X>0</nStopA2X>
          </AfterMake>
          <SelectedForBatchBuild>0</SelectedForBatchBuild>
          <SVCSIdString></SVCSIdString>
        </TargetCommonOption>
        <CommonProperty>
          <UseCPPCompiler>0</UseCPPCompiler>
          <RVCTCodeConst>0</RVCTCodeConst>
          <RVCTZI>0</RVCTZI>
          <RVCTOtherData>0</RVCTOtherData>
          <ModuleSelection>0</ModuleSelection>
          <IncludeInBuild>1</IncludeInBuild>
          <AlwaysBuild>0</AlwaysBuild>
          <GenerateAssemblyFile>0</GenerateAssemblyFile>
          <AssembleAssemblyFile>0</AssembleAssemblyFile>
          <PublicsOnly>0</PublicsOnly>
          <StopOnExitCode>3</StopOnExitCode>
          <CustomArgument></CustomArgument>
          <IncludeLibraryModules></IncludeLibraryModules>
          <ComprImg>1</ComprImg>
        </CommonProperty>
        <DllOption>
          <SimDllName>SARMCM3.DLL</SimDllName>
          <SimDllArguments> -REMAP -MPU</SimDllArguments>
          <SimDlgDll>DCM.DLL</SimDlgDll>
          <SimDlgDllArguments>-pCM4</SimDlgDllArguments>
          <TargetDllName>SARMCM3.DLL</TargetDllName>
          <TargetDllArguments> -MPU</TargetDllArguments>
          <TargetDlgDll>TCM.DLL</TargetDlgDll>
          <TargetDlgDllArguments>-pCM4</TargetDlgDllArguments>
        </DllOption>
        <DebugOption>
          <OPTHX>
            <HexSelection>1</HexSelection>
            <HexRangeLowAddress>0</HexRangeLowAddress>
            <HexRangeHighAddress>0</HexRangeHighAddress>
            <HexOffset>0</HexOffset>
            <Oh166RecLen>16</Oh166RecLen>
          </OPTHX>
        </DebugOption>
        <Utilities>
          <Flash1>
            <UseTargetDll>1</UseTargetDll>
            <UseExternalTool>0</UseExternalTool>
            <RunIndependent>0</RunIndependent>
            <UpdateFlashBeforeDebugging>1</UpdateFlashBeforeDebugging>
            <Capability>1</Capability>
            <DriverSelection>4099</DriverSelection>
          </Flash1>
          <bUseTDR>0</bUseTDR>
          <Flash2>Segger\JL2CM3.dll</Flash2>
          <Flash3>"" ()</Flash3>
          <Flash4></Flash4>
          <pFcarmOut></pFcarmOut>
          <pFcarmGrp></pFcarmGrp>
          <pFcArmRoot></pFcArmRoot>
          <FcArmLst>0</FcArmLst>
        </Utilities>
        <TargetArmAds>
          <ArmAdsMisc>
            <GenerateListings>0</GenerateListings>
            <asHll>1</asHll>
            <asAsm>1</asAsm>
            <asMacX>1</asMacX>
            <asSyms>1</asSyms>
            <asFals>1</asFals>
            <asDbgD>1</asDbgD>
            <asForm>1</asForm>
            <ldLst>0</ldLst>
            <ldmm>1</ldmm>
            <ldXref>1</ldXref>
            <BigEnd>0</BigEnd>
            <AdsALst>1</AdsALst>
            <AdsACrf>1</AdsACrf>
            <AdsANop>0</AdsANop>
            <AdsANot>0</AdsANot>
            <AdsLLst>1</AdsLLst>
            <AdsLmap>1</AdsLmap>
            <AdsLcgr>1</AdsLcgr>
            <AdsLsym>1</AdsLsym>
            <AdsLszi>1</AdsLszi>
            <AdsLtoi>1</AdsLtoi>
            <AdsLsun>1</AdsLsun>
            <AdsLven>1</AdsLven>
            <AdsLsxf>1</AdsLsxf>
            <RvctClst>0</RvctClst>
            <GenPPlst>0</GenPPlst>
            <AdsCpuType>"Cortex-M4"</AdsCpuType>
            <RvctDeviceName></RvctDeviceName>
            <mOS>0</mOS>
            <uocRom>0</uocRom>
            <uocRam>0</uocRam>
            <hadIROM>1</hadIROM>
            <hadIRAM>1</hadIRAM>
            <hadXRAM>0</hadXRAM>
            <uocXRam>0</uocXRam>
            <RvdsVP>2</RvdsVP>
            <hadIRAM2>1</hadIRAM2>
            <hadIROM2>0</hadIROM2>
            <StupSel>8</StupSel>
            <useUlib>1</useUlib>
            <EndSel>0</EndSel>
            <uLtcg>0</uLtcg>
            <nSecure>0</nSecure>
            <RoSelD>3</RoSelD>
            <RwSelD>3</RwSelD>
            <CodeSel>0</CodeSel>
            <OptFeed>0</OptFeed>
            <NoZi1>0</NoZi1>
            <NoZi2>0</NoZi2>
            <NoZi3>0</NoZi3>
            <NoZi4>0</NoZi4>
            <NoZi5>0</NoZi5>
            <Ro1Chk>0</Ro1Chk>
            <Ro2Chk>0</Ro2Chk>
            <Ro3Chk>0</Ro3Chk>
            <Ir1Chk>1</Ir1Chk>
            <Ir2Chk>0</Ir2Chk>
            <Ra1Chk>0</Ra1Chk>
            <Ra2Chk>0</Ra2Chk>
            <Ra3Chk>0</Ra3Chk>
            <Im1Chk>1</Im1Chk>
            <Im2Chk>0</Im2Chk>
            <OnChipMemories>
              <Ocm1>
                <Type>0</Type>
                <StartAddress>0x0</StartAddress>
                <Size>0x0</Size>
              </Ocm1>
              <Ocm2>
                <Type>0</Type>
                <StartAddress>0x0</StartAddress>
                <Size>0x0</Size>
              </Ocm2>
              <Ocm3>
                <Type>0</Type>
                <StartAddress>0x0</StartAddress>
                <Size>0x0</Size>
              </Ocm3>
              <Ocm4>
                <Type>0</Type>
                <StartAddress>0x0</StartAddress>
                <Size>0x0</Size>
              </Ocm4>
              <Ocm5>
                <Type>0</Type>
                <StartAddress>0x0</StartAddress>
                <Size>0x0</Size>
              </Ocm5>
              <Ocm6>
                <Type>0</Type>
                <StartAddress>0x0</StartAddress>
                <Size>0x0</Size>
              </Ocm6>
              <IRAM>
                <Type>0</Type>
                <StartAddress>0x20000000</StartAddress>
                <Size>0x20000</Size>
              </IRAM>
              <IROM>
                <Type>1</Type>
                <StartAddress>0x8000000</StartAddress>
                <Size>0x80000</Size>
              </IROM>
              <XRAM>
                <Type>0</Type>
                <StartAddress>0x0</StartAddress>
                <Size>0x0</Size>
              </XRAM>
              <OCR_RVCT1>
                <Type>1</Type>
                <StartAddress>0x0</StartAddress>
                <Size>0x0</Size>
              </OCR_RVCT1>
              <OCR_RVCT2>
                <Type>1</Type>
                <StartAddress>0x0</StartAddress>
                <Size>0x0</Size>
              </OCR_RVCT2>
              <OCR_RVCT3>
                <Type>1</Type>
                <StartAddress>0x0</StartAddress>
                <Size>0x0</Size>
              </OCR_RVCT3>
              <OCR_RVCT4>
                <Type>1</Type>
                <StartAddress>0x8000000</StartAddress>
                <Size>0x80000</Size>
              </OCR_RVCT4>
              <OCR_RVCT5>
                <Type>1</Type>
                <StartAddress>0x0</StartAddress>
                <Size>0x0</Size>
              </OCR_RVCT5>
              <OCR_RVCT6>
                <Type>0</Type>
                <StartAddress>0x0</StartAddress>
                <Size>0x0</Size>
              </OCR_RVCT6>
              <OCR_RVCT7>
                <Type>0</Type>
                <StartAddress>0x0</StartAddress>
                <Size>0x0</Size>
              </OCR_RVCT7>
              <OCR_RVCT8>
                <Type>0</Type>
                <StartAddress>0x0</StartAddress>
                <Size>0x0</Size>
              </OCR_RVCT8>
              <OCR_RVCT9>
                <Type>0</Type>
                <StartAddress>0x20000000</StartAddress>
                <Size>0x20000</Size>
              </OCR_RVCT9>
              <OCR_RVCT10>
                <Type>0</Type>
                <StartAddress>0x10000000</StartAddress>
                <Size>0x10000</Size>
              </OCR_RVCT10>
            </OnChipMemories>
            <RvctStartVector></RvctStartVector>
          </ArmAdsMisc>
          <Cads>
            <interw>1</interw>
            <Optim>4</Optim>
            <oTime>0</oTime>
            <SplitLS>0</SplitLS>
            <OneElfS>0</OneElfS>
            <Strict>0</Strict>
            <EnumInt>0</EnumInt>
            <PlainCh>0</PlainCh>
            <Ropi>0</Ropi>
            <Rwpi>0</Rwpi>
            <wLevel>1</wLevel>
            <uThumb>0</uThumb>
            <uSurpInc>0</uSurpInc>
            <uC99>0</uC99>
            <useXO>0</useXO>
            <v6Lang>0</v6Lang>
            <v6LangP>0</v6LangP>
            <vShortEn>0</vShortEn>
            <vShortWch>0</vShortWch>
            <v6Lto>0</v6Lto>
            <v6WtE>0</v6WtE>
            <v6Rtti>0</v6Rtti>
            <VariousControls>
              <MiscControls></MiscControls>
              <Define>STM32F4XX, USE_STDPERIPH_DRIVER</Define>
              <Undefine></Undefine>
              <IncludePath>..\Libraries\STM32F4xx_StdPeriph_Driver\inc;..\Libraries\STM32F4xx_StdPeriph_Driver\src;..\Libraries\CMSIS\Include;..\Libraries\CMSIS\Device\ST\STM32F4xx\Include;..\FreeRTOSV7.3.0\FreeRTOS\Source\include;..\FreeRTOSV7.3.0\FreeRTOS\Source\portable\MemMang;..\FreeRTOSV7.3.0\FreeRTOS\Source\portable\RVDS\ARM_CM4F;..\..\TU_DONG</IncludePath>
            </VariousControls>
          </Cads>
          <Aads>
            <interw>1</interw>
            <Ropi>0</Ropi>
            <Rwpi>0</Rwpi>
            <thumb>0</thumb>
            <SplitLS>0</SplitLS>
            <SwStkChk>0</SwStkChk>
            <NoWarn>0</NoWarn>
            <uSurpInc>0</uSurpInc>
            <useXO>0</useXO>
            <uClangAs>0</uClangAs>
            <VariousControls>
              <MiscControls></MiscControls>
              <Define></Define>
              <Undefine></Undefine>
              <IncludePath></IncludePath>
            </VariousControls>
          </Aads>
          <LDads>
            <umfTarg>1</umfTarg>
            <Ropi>0</Ropi>
            <Rwpi>0</Rwpi>
            <noStLib>0</noStLib>
            <RepFail>1</RepFail>
            <useFile>0</useFile>
            <TextAddressRange>0x08000000</TextAddressRange>
            <DataAddressRange>0x20000000</DataAddressRange>
            <pXoBase></pXoBase>
            <ScatterFile></ScatterFile>
            <IncludeLibs></IncludeLibs>
            <IncludeLibsPath></IncludeLibsPath>
            <Misc></Misc>
            <LinkerInputFile></LinkerInputFile>
            <DisabledWarnings></DisabledWarnings>
          </LDads>
        </TargetArmAds>
      </TargetOption>
      <Groups>
        <Group>
          <GroupName>User</GroupName>
          <Files>
            <File>
              <FileName>stm32f4xx_it.c</FileName>
              <FileType>1</FileType>
              <FilePath>..\stm32f4xx_it.c</FilePath>
            </File>
            <File>
              <FileName>main.c</FileName>
              <FileType>1</FileType>
              <FilePath>..\main.c</FilePath>
            </File>
            <File>
              <FileName>task.h</FileName>
              <FileType>5</FileType>
              <FilePath>..\FreeRTOSV7.3.0\FreeRTOS\Source\include\task.h</FilePath>
            </File>
            <File>
              <FileName>FreeRTOSConfig.h</FileName>
              <FileType>5</FileType>
              <FilePath>..\FreeRTOSConfig.h</FilePath>
            </File>
            <File>
              <FileName>config.h</FileName>
              <FileType>5</FileType>
              <FilePath>..\config.h</FilePath>
            </File>
            <File>
              <FileName>dieuKhienCoCau.h</FileName>
              <FileType>5</FileType>
              <FilePath>..\dieuKhienCoCau.h</FilePath>
            </File>
            <File>
              <FileName>doc_tay_game.h</FileName>
              <FileType>5</FileType>
              <FilePath>..\doc_tay_game.h</FilePath>
            </File>
            <File>
              <FileName>LID_HMI.h</FileName>
              <FileType>5</FileType>
              <FilePath>..\LID_HMI.h</FilePath>
            </File>
            <File>
              <FileName>robotRun_SanDo.h</FileName>
              <FileType>5</FileType>
              <FilePath>..\robotRun_SanDo.h</FilePath>
            </File>
            <File>
              <FileName>robotRun_SanXanh.h</FileName>
              <FileType>5</FileType>
              <FilePath>..\robotRun_SanXanh.h</FilePath>
            </File>
            <File>
              <FileName>Control_Omi.h</FileName>
              <FileType>5</FileType>
              <FilePath>..\Control_Omi.h</FilePath>
            </File>
            <File>
              <FileName>RETRY_TZ2.h</FileName>
              <FileType>5</FileType>
              <FilePath>..\RETRY_TZ2.h</FilePath>
            </File>
            <File>
              <FileName>RETRY_TZ3.h</FileName>
              <FileType>5</FileType>
              <FilePath>..\RETRY_TZ3.h</FilePath>
            </File>
          </Files>
        </Group>
        <Group>
          <GroupName>CMSIS</GroupName>
          <Files>
            <File>
              <FileName>system_stm32f4xx.c</FileName>
              <FileType>1</FileType>
              <FilePath>..\system_stm32f4xx.c</FilePath>
            </File>
          </Files>
        </Group>
        <Group>
          <GroupName>MDK-ARM</GroupName>
          <Files>
            <File>
              <FileName>startup_stm32f4xx.s</FileName>
              <FileType>2</FileType>
              <FilePath>..\Libraries\CMSIS\Device\ST\STM32F4xx\Source\Templates\arm\startup_stm32f4xx.s</FilePath>
            </File>
          </Files>
        </Group>
        <Group>
          <GroupName>STM32F4xx_StdPeriph_Driver</GroupName>
          <Files>
            <File>
              <FileName>misc.c</FileName>
              <FileType>1</FileType>
              <FilePath>..\Libraries\STM32F4xx_StdPeriph_Driver\src\misc.c</FilePath>
            </File>
            <File>
              <FileName>stm32f4xx_gpio.c</FileName>
              <FileType>1</FileType>
              <FilePath>..\Libraries\STM32F4xx_StdPeriph_Driver\src\stm32f4xx_gpio.c</FilePath>
            </File>
            <File>
              <FileName>stm32f4xx_rcc.c</FileName>
              <FileType>1</FileType>
              <FilePath>..\Libraries\STM32F4xx_StdPeriph_Driver\src\stm32f4xx_rcc.c</FilePath>
            </File>
            <File>
              <FileName>stm32f4xx_adc.c</FileName>
              <FileType>1</FileType>
              <FilePath>..\Libraries\STM32F4xx_StdPeriph_Driver\src\stm32f4xx_adc.c</FilePath>
            </File>
            <File>
              <FileName>stm32f4xx_dma.c</FileName>
              <FileType>1</FileType>
              <FilePath>..\Libraries\STM32F4xx_StdPeriph_Driver\src\stm32f4xx_dma.c</FilePath>
            </File>
            <File>
              <FileName>stm32f4xx_exti.c</FileName>
              <FileType>1</FileType>
              <FilePath>..\Libraries\STM32F4xx_StdPeriph_Driver\src\stm32f4xx_exti.c</FilePath>
            </File>
            <File>
              <FileName>stm32f4xx_spi.c</FileName>
              <FileType>1</FileType>
              <FilePath>..\Libraries\STM32F4xx_StdPeriph_Driver\src\stm32f4xx_spi.c</FilePath>
            </File>
            <File>
              <FileName>stm32f4xx_tim.c</FileName>
              <FileType>1</FileType>
              <FilePath>..\Libraries\STM32F4xx_StdPeriph_Driver\src\stm32f4xx_tim.c</FilePath>
            </File>
            <File>
              <FileName>stm32f4xx_usart.c</FileName>
              <FileType>1</FileType>
              <FilePath>..\Libraries\STM32F4xx_StdPeriph_Driver\src\stm32f4xx_usart.c</FilePath>
            </File>
            <File>
              <FileName>stm32f4xx_syscfg.c</FileName>
              <FileType>1</FileType>
              <FilePath>..\Libraries\STM32F4xx_StdPeriph_Driver\src\stm32f4xx_syscfg.c</FilePath>
            </File>
          </Files>
        </Group>
        <Group>
          <GroupName>FREERTOS</GroupName>
          <Files>
            <File>
              <FileName>heap_2.c</FileName>
              <FileType>1</FileType>
              <FilePath>..\FreeRTOSV7.3.0\FreeRTOS\Source\portable\MemMang\heap_2.c</FilePath>
            </File>
            <File>
              <FileName>port.c</FileName>
              <FileType>1</FileType>
              <FilePath>..\FreeRTOSV7.3.0\FreeRTOS\Source\portable\RVDS\ARM_CM4F\port.c</FilePath>
            </File>
            <File>
              <FileName>croutine.c</FileName>
              <FileType>1</FileType>
              <FilePath>..\FreeRTOSV7.3.0\FreeRTOS\Source\croutine.c</FilePath>
            </File>
            <File>
              <FileName>list.c</FileName>
              <FileType>1</FileType>
              <FilePath>..\FreeRTOSV7.3.0\FreeRTOS\Source\list.c</FilePath>
            </File>
            <File>
              <FileName>queue.c</FileName>
              <FileType>1</FileType>
              <FilePath>..\FreeRTOSV7.3.0\FreeRTOS\Source\queue.c</FilePath>
            </File>
            <File>
              <FileName>tasks.c</FileName>
              <FileType>1</FileType>
              <FilePath>..\FreeRTOSV7.3.0\FreeRTOS\Source\tasks.c</FilePath>
            </File>
            <File>
              <FileName>timers.c</FileName>
              <FileType>1</FileType>
              <FilePath>..\FreeRTOSV7.3.0\FreeRTOS\Source\timers.c</FilePath>
            </File>
          </Files>
        </Group>
        <Group>
          <GroupName>::CMSIS</GroupName>
        </Group>
      </Groups>
    </Target>
  </Targets>

  <RTE>
    <apis/>
    <components>
      <component Cclass="CMSIS" Cgroup="CORE" Cvendor="ARM" Cversion="5.0.2" condition="ARMv6_7_8-M Device">
        <package name="CMSIS" schemaVersion="1.3" url="http://www.keil.com/pack/" vendor="ARM" version="5.1.1"/>
        <targetInfos>
          <targetInfo name="Project"/>
        </targetInfos>
      </component>
    </components>
    <files/>
  </RTE>

</Project>
